mint,created_timestamp_utc,telegram_handle,telegram_raw,tokens_linked_to_handle,collection_status,source_commit
22TJSgpWPr7akHG2YVdHAJDnfwJ8yLnZsetNJxfGpump,2026-05-30T04:54:39Z,dalmassol,https://t.me/dalmasSOL,1,not_started,783c911
23wPgnjyYy7rAN8Evb5h8f2rF5Sh7No8S3aDM9CApump,2026-06-08T13:33:17Z,clutchthebaldeaglesol,https://t.me/clutchthebaldeaglesol,1,not_started,783c911
243AvPP1fipAs5QxDxPfgPQx3JT7yFn7aLm4CNQ2pump,2026-06-02T10:53:02Z,driplydev,https://t.me/Driplydev,1,not_started,783c911
25t3wviw9DYwdxQ6chZnvtvSJBYDKnwonKj6r4Tcpump,2026-05-29T02:00:41Z,onetrillionbill,https://t.me/onetrillionbill,1,not_started,783c911
2BQCBrXWt8zhkgTJMyimhUCkDguYuj55BeR2CmSQpump,2026-05-19T14:58:36Z,trumpcoin_sol,https://t.me/TRUMPcoin_sol,1,not_started,783c911
2CAC5YripCtDXjrwPgDWVdJDnmSMnfMdbhQtJKLVpump,2026-05-23T13:14:52Z,trumpbanksol,https://t.me/trumpbanksol,1,not_started,783c911
2KJB1xWr9zMLcWdbmv9FfC87ec1De72vMAke7oL5pump,2026-05-22T05:36:44Z,gozu_sol,https://t.me/GOZU_sol,1,not_started,783c911
2R7jYvkAQwLu3smTy6U4Am9u1F14djdF5wPKkQk5pump,2026-05-19T07:22:57Z,trolbeymaguire,https://t.me/TrolbeyMaguire,1,not_started,783c911
2RWndXkxWkaKhGjE7dZivVbK5qXtpwnCZJ1jpnxapump,2026-05-25T14:23:14Z,officialhoppy,https://t.me/officialhoppy,1,not_started,783c911
2WADv5DyB5EUvgjKV6t4qJhhHJbEhA7CC1m9vsqypump,2026-05-12T21:17:23Z,jessedetective,https://t.me/jessedetective,1,not_started,783c911
2bPWF7YanfXQik2MpuWGiJ4eJc3H7t1zfMCoEE9Rpump,2026-05-14T18:11:56Z,worldpoopsol,https://t.me/WorldPoopSOL,1,not_started,783c911
2bX8MWpEaKoGrqg35jNaKZa8hZfG7ubGSiLESZP6pump,2026-05-19T13:51:22Z,purr_soltg,https://t.me/PURR_SOLtg,1,not_started,783c911
2ibsUWPKZ7CHamfL3G6CGenRFP6xj4sV9XxikCbwpump,2026-06-06T08:19:34Z,tigreldo,https://t.me/tigreldo,1,not_started,783c911
2mNVZ6aEjrGwiUVCfz7XGWpiXuWzgBDoznwE579upump,2026-05-27T20:15:54Z,covenantportal,https://t.me/CovenantPortal,1,not_started,783c911
2nTRq9Df7CSocXM6dknx8yrmdCzQke62u7JftWrepump,2026-05-26T18:51:11Z,ferrisrust,https://t.me/ferrisrust,1,not_started,783c911
2nayFxYE4MXtNenhWb1hJh3qDWtgWbP8CBfsG5YHpump,2026-06-09T05:45:51Z,solmaxxed_sperm_sol,https://t.me/SOLMAXXED_SPERM_SOL,1,not_started,783c911
2p9mLAHxkunpLzsM9QS8GEcYUjuEDfsWHWnqp1Gwpump,2026-05-15T08:10:55Z,uft_sol_meme,https://t.me/UFT_SOL_MEME,1,not_started,783c911
2q68mqEbjwmnMjs1o3KZDNZVyMv6RZKkHcm64iinpump,2026-06-01T23:27:45Z,retardcoinn,https://t.me/retardcoinn,1,not_started,783c911
2qxqkvrHKsQeMUjPLHsBZDzMTPLv81uy98xM2Qbepump,2026-05-29T03:50:41Z,glorp_sol,https://t.me/glorp_sol,1,not_started,783c911
2sc5VSZKLneeQJ74SokUxb3UkRjt4vCvC2WCm5ECpump,2026-05-23T10:27:32Z,hammysol,https://t.me/HAMMYSOL,1,not_started,783c911
2z9E4rpkQMJ5BwbdWXG7rk5c6CiYVop37yQWaV4cpump,2026-06-05T22:04:34Z,murkaisol,https://t.me/murkaisol,1,not_started,783c911
313XrGaDBSE1FXt4db2itN5oe7nsQnjCgnU2K2Ntpump,2026-05-23T18:23:16Z,trillionaire_group,https://t.me/trillionaire_group,1,not_started,783c911
31MoLLsGeunRZxoMPQh2seym84DVGFsxDCNWjSH9pump,2026-06-03T13:29:34Z,barrelbanksol,https://t.me/barrelbanksol,1,not_started,783c911
35v5d5NSnu9eynU4atXAf1G2cmRWps1G4ZmXmwYGpump,2026-05-09T12:36:43Z,graphisol,https://t.me/graphisol,1,not_started,783c911
36ZrtQoab5MhhySaP1YSTwUahSk6GRVUTtZ6cuVfm9e1,2026-05-26T11:59:46Z,yulizhqjdrw3ndcx,https://t.me/+YulIZhqjDrw3NDcx,1,not_started,783c911
36iAP3gwsu2oVNR3wpU8KCh79LXK7XNzv4wigystpump,2026-05-31T11:23:24Z,gayfunonsol,https://t.me/GayfunOnSol,1,not_started,783c911
39tS7cZvVQS9aqfzqMHzmnDmf6Eqs2fwTsHq2MUnpump,2026-06-06T01:34:41Z,convaisol,https://t.me/convaisol,1,not_started,783c911
3G2Ka3uAbxhYcXo1EmSK4H667jhPwJ3HSJya5xhhpump,2026-05-15T09:35:38Z,usameme250,https://t.me/usameme250,1,not_started,783c911
3H8HkfN4oFrwCJEPaE6SHGtc1krtb12xwKpRtuj2pump,2026-06-03T14:34:56Z,goldengoalsol,https://t.me/goldengoalsol,2,not_started,783c911
3HgcrWQBmjGiMJcu47wQtF5pyTSr6q9LLkwHknKEpump,2026-05-24T14:25:00Z,cowboyjim_sol,https://t.me/CowboyJim_sol,1,not_started,783c911
3J5Bac3uJ94fdsc5ER8TLzPxJffCYWVjnmzNeRG9pump,2026-05-27T21:50:43Z,todamarscoin,https://t.me/ToDaMarsCoin,1,not_started,783c911
3JAFzFGrrXa7A4DfmeAkLfYYX75fCnrMuxFJGSCmpump,2026-05-25T19:11:07Z,unstablewccoin,https://t.me/unstablewccoin,1,not_started,783c911
3M1YH1CmeH5QwVV4o7tASWSQKbnTYHzUziwpNgWupump,2026-05-12T13:28:02Z,redtrollge,https://t.me/redtrollge,1,not_started,783c911
3T7L9WbowomiYGUZujHPcJQsrQnoXQT2ekVM45UCpump,2026-06-09T21:58:04Z,slantix_coin,https://t.me/slantix_coin,1,not_started,783c911
3YhqLVGgZnC3uxpvHyk4ZFtza5BbMAv5VjSCLZNnpump,2026-05-18T14:02:16Z,sunnysolana,https://t.me/SunnySOLANA,1,not_started,783c911
3Ynn9jvzEhuRtbt8oaHdRDmuHyJK8A1rzX6FgMZipump,2026-06-05T10:40:17Z,plop_sol,https://t.me/plop_sol,1,not_started,783c911
3Zi5hSj5tHUt5MkgmwkL2JXET1sz97YU3XJU3a82pump,2026-05-12T22:10:19Z,virionsol,https://t.me/VIRIONSOl,1,not_started,783c911
3ZxHuSkRFmX6iTU7mBNQ54KFXiN82WmwNqZi9dzvpump,2026-05-22T06:18:11Z,flamu_sol,https://t.me/FLAMU_SOL,1,not_started,783c911
3amA3FpLZ3yuCBqBQex2UCJ78bGZFyBuwTn9aQPhpump,2026-05-30T18:26:29Z,gullmeme,https://t.me/GullMeme,1,not_started,783c911
3bhkLW2mMTpx8US9A7woP4A8MC5wGyju4eDQHt9vpump,2026-05-17T21:45:14Z,pumperssquad,https://t.me/pumperssquad,2,not_started,783c911
3bpQRyZ7wBEz2UKpfq1kEYYaZzLuPuvqH7mT9UTApump,2026-05-31T06:28:37Z,gutr_sol,https://t.me/GUTR_SOL,1,not_started,783c911
3cRFj7p11xT7t17Biu56biDRdjzDdryBtCNaV9Lmpump,2026-05-17T14:53:04Z,tummy_sol,https://t.me/Tummy_sol,1,not_started,783c911
3oDzEg1v1KLQeL3fWhCTFPssFMzaDqEnYdAY5HZrpump,2026-05-12T23:04:43Z,pnltoken,https://t.me/pnltoken,1,not_started,783c911
3q1dHfNQPTmN87rCNYiVwPmxHNd3yM3cj2St3Pidpump,2026-05-29T14:49:55Z,normie6769,https://t.me/Normie6769,1,not_started,783c911
3vCYHrHjixH5bnmg8QhYNuD2sBxiPQbcnt8tW8cJpump,2026-06-08T20:23:04Z,primal_token,https://t.me/primal_token,3,not_started,783c911
3wzx83WoQkbBJZBjDspFLqMmFgyYZy51nMZQpAH3pump,2026-05-29T10:07:14Z,rilksol,https://t.me/RILKsol,1,not_started,783c911
3xucE6rfRpYPzKSsTK7r8zysAso6vD5RMLiNTqugpump,2026-06-07T10:26:15Z,micedev1,https://t.me/MICEdev1,1,not_started,783c911
448QRtyUE422AdKCx78RSo8qFrYW2gWRcGx5W3s8pump,2026-05-14T12:52:37Z,dillpicklesol,https://t.me/dillpicklesol,1,not_started,783c911
44irAmSmpjixNCsX82ZqmLchHLVGyXsMU6GeEv9jpump,2026-05-30T01:37:53Z,pumptoweronsol,https://t.me/pumptoweronsol,1,not_started,783c911
47DRjZxo9bJS9v67rE2xHmXNy5ekYepTDTpygHvxpump,2026-05-10T12:17:34Z,gmode_og,https://t.me/gmode_og,1,not_started,783c911
48vV4wziVfaz5T75J9rvqCFwSPrPodHtkn3CPTfjpump,2026-05-10T05:10:46Z,spirixsol,https://t.me/spirixsol,1,not_started,783c911
4BzL18nFF93j2vXMV4X3zChSuSK3h4qyu2M1ei6Spump,2026-06-02T17:04:06Z,usefillr,https://t.me/usefillr,1,not_started,783c911
4DGzUQSo8na5tdA5iXc6DEAhhrJ7sSXfDGiYkaAQpump,2026-05-12T04:36:58Z,agt_sol,https://t.me/AGT_SOL,1,not_started,783c911
4Hb72Taq51useqerBqCoazizGfShEcSxAaQmUL1zpump,2026-05-13T20:33:13Z,crack_onsol,t.me/Crack_OnSol,1,not_started,783c911
4JyftJNcNTHie9C9rRtV4cP8VC6DG3ohVMW5SoaCpump,2026-05-27T09:39:08Z,blu4r4ms,https://t.me/blu4r4ms,1,not_started,783c911
4KxY3p1oRzxa83GqWm8bKJskAC4jRyTagYC2kyvLpump,2026-05-25T20:46:31Z,65awccuguqfjnjbl,https://t.me/+65awcCugUqFjNjBl,1,not_started,783c911
4S3BFyj3zqbPaD2FxqDyBG94hq7iZeeDaK3qzQjRpump,2026-05-11T01:12:30Z,goblinsamsol,https://t.me/goblinsamsol,1,not_started,783c911
4VmdEj8feG2XV3DR1D1MfrsRNs4kiy4CRkk3mVHcpump,2026-05-17T21:07:39Z,bozzysol,https://t.me/BOZZYSOL,1,not_started,783c911
4XpssGj7af67gm3mNXsJe2gyCWvrNyPUGXXgCwWDpump,2026-05-13T13:41:06Z,novasolanadev,https://t.me/NovaSOLANADEV,1,not_started,783c911
4bhZ15bFqLNzdqWWN1Czkzi1SUKYZeCVAzit1qbdpump,2026-06-01T14:25:44Z,wobbin_sol,https://t.me/wobbin_sol,1,not_started,783c911
4eQDRfMNLwGKMcGNR6TLGXP5AppYC9StbdBLyaa3pump,2026-05-27T07:55:20Z,peeposolcoin,https://t.me/PEEPOSOLCOIN,1,not_started,783c911
4jRKTgGU7WhnjViqJ24i4JHfqVNhsa1Jvt7njNSCpump,2026-06-02T20:04:54Z,peptifyshop,https://t.me/PeptifyShop,1,not_started,783c911
4usunUQT6Utc9qQ73PMBS41Sic6NDngGWJqPEeohpump,2026-05-17T10:51:20Z,saveme_solan,https://t.me/SaveMe_SOLAN,1,not_started,783c911
4vcZgrj3sT5Lz5pwFYXJAyX1LpeZGhzpUWh42hwVpump,2026-05-30T06:07:54Z,shyguy_sol,https://t.me/ShyGuy_Sol,1,not_started,783c911
54PFTWKJ2zJgEnKxLhsYAyqdjEi78hX6fYTNjS8dpump,2026-06-09T18:49:28Z,cupcards,https://t.me/cupcards,1,not_started,783c911
57t8UtE9RwMAZ6P935ACreJM6marnh4edMMz9DMzpump,2026-05-15T17:57:53Z,ridickbig,https://t.me/ridickbig,1,not_started,783c911
5AcFHyswVBwYqheSJUYXQAjFHbR6v6h6pwJVrV6epump,2026-05-13T19:56:53Z,greebsol,https://t.me/GREEBSOL,1,not_started,783c911
5AgqNjdZ87e5zQomdSEMHphtdd9stnPSgGHMbkv6pump,2026-06-10T12:32:54Z,memecoinsart,https://t.me/memecoinsart,1,not_started,783c911
5CKkpwdqrGos9jMDQfwKA3juFRVzT1GmneLNxpQopump,2026-05-24T10:20:42Z,alllivesmatterpumpfun,https://t.me/alllivesmatterpumpfun,1,not_started,783c911
5DbmQZmkfxkF6BTiAdXqq7exEtUzstq9t4pH8En9pump,2026-06-02T09:09:14Z,avansolana,https://t.me/AVANsolana,1,not_started,783c911
5E2woTdd2Gc4BpfE4yDPC4rTEJCo3fijhveDxhaZpump,2026-05-13T22:24:21Z,uapenfts,https://t.me/uapenfts,1,not_started,783c911
5GFDGu5M9K3uTFtX6vyAvYS6JS4vqcyLuBEACvfGpump,2026-05-23T10:57:12Z,slyrosol,https://t.me/SlyroSol,1,not_started,783c911
5GbymGY6rq5Jp4jhJKENPdyzXPGTjaDkMBn1e8hepump,2026-05-19T09:59:06Z,buttmaxxingsol,https://t.me/buttmaxxingsol,1,not_started,783c911
5L5e1rcSihAeRm9pXTbWQumLdTMgasB8Z1gmgH79pump,2026-05-17T15:40:51Z,flora_sol,https://t.me/flora_sol,1,not_started,783c911
5SX8wH2MBkJER9THthRmmirjeHhgudwmMVUpNx2Rpump,2026-06-02T13:53:03Z,lumiagentsol,https://t.me/LumiAgentSol,1,not_started,783c911
5U93ormRHYEBBCe6YNbeYTV2avUrDL9kFGi3QsGSpump,2026-06-07T21:57:47Z,skaldai_channel,https://t.me/skaldai_channel,1,not_started,783c911
5bJdhYY6GUM5Ends6eaqB2vGikPLdrjZ8gMYoDYpump,2026-05-23T18:40:36Z,clutch_the_mascot,https://t.me/clutch_the_mascot,1,not_started,783c911
5bWo9g4qsEviNcnPZEcemfmuCxqgh9n1xwpGA5Cypump,2026-05-26T23:58:04Z,fcm_fun,https://t.me/fcm_fun,1,not_started,783c911
5dVkRE1xaP7M65MByjP7N2zQiTZkUhRDc7776gv7pump,2026-06-08T09:11:42Z,existsonline,https://t.me/existsonline,1,not_started,783c911
5etbzxYXjuCojfsbXGuML3nJeyr7Nf8M31knLACcpump,2026-06-10T15:55:53Z,gaejook_community,https://t.me/gaejook_community,1,not_started,783c911
5ftqkFgzqjruGbmkjH3ySJAhqGREzV4suc6rbBCPpump,2026-06-04T02:07:02Z,ayanuki,https://t.me/AYANUKI,1,not_started,783c911
5nFQiUs68iBZGyGZuAApdax5Z2aJRtz94rxoxi8Vpump,2026-05-21T08:37:40Z,bean_solana,https://t.me/bean_solana,1,not_started,783c911
5qBFkmXwiTjxtrDZA7dPUm9waBWcPbshYce7Xkchpump,2026-05-21T01:47:12Z,spcxdragonsol,https://t.me/spcxdragonsol,1,not_started,783c911
5qvV8eKwjTMkHjLHVjtJbqCLocoynbRzWR2fhCepump,2026-06-07T22:55:53Z,hypnosis_hipno,https://t.me/HYPNOSIS_HIPNO,1,not_started,783c911
5rWp6dAKcxJxEZtW4FH5R371ymsGq25NxtfexYRapump,2026-06-06T22:48:22Z,longtermcryptosol,https://t.me/LongTermCryptoSOL,1,not_started,783c911
5sCL8CRwjNU6KddpiUaibnnxBaUtntHC5oQHCrWdpump,2026-06-01T21:49:47Z,borgcoins,https://t.me/BORGcoins,1,not_started,783c911
61aNNrrRp81a3ZztDL69dNyrcshBsqWZdWVSrpYpump,2026-06-01T21:08:23Z,peptide_portal,https://t.me/peptide_portal,1,not_started,783c911
64J4Qb2hQjdhDAUw5fCKQdYZw2oPP3NU2VVRi4zdpump,2026-06-05T12:15:52Z,scrawlrats,https://t.me/ScrawlRats,1,not_started,783c911
6Bpj7k7JvkQoZrK29Ry88EnTEaDzcjfb1sN176Capump,2026-05-24T11:21:48Z,dumbestcoinsoltg,https://t.me/dumbestcoinsoltg,1,not_started,783c911
6DYjtkaEeWjtaxtfNxRepfW3B7ixgwXBnoPH4983pump,2026-05-26T17:46:40Z,onecointorulethemall,https://t.me/OneCoinToRuleThemAll,1,not_started,783c911
6JCMkGro5Zi4FK1Ppon6vae9P1jwJGwbkXE96pg5pump,2026-05-28T09:46:57Z,goodboysolan,https://t.me/goodboysolan,1,not_started,783c911
6PXz6FsxjYEGKQLshsJwBybdqzf32waymRLsQ4SYpump,2026-05-26T12:47:35Z,worldcupluce,https://t.me/worldcupluce,1,not_started,783c911
6YVTDwP9zNY3MZ1nTaZP1MFTduTqhHzeD7JCsZrdpump,2026-06-01T15:06:12Z,spyboxofficial,https://t.me/spyboxofficial,2,not_started,783c911
6gomwP5CDoVWiXitUQFEP3F9dcmWC2hsNc9x2AFppump,2026-06-08T21:53:21Z,primal_token,https://t.me/primal_token,3,not_started,783c911
6iEJia8xDXhQZsmn8xUiB4ZXyb6AyjmJcjAfvKnspump,2026-05-12T20:51:06Z,tobynx,https://t.me/TOBYNX,1,not_started,783c911
6nfjDE9EYzLp6Z2GqRqJ7K88LybVejTTrN8AxsTfpump,2026-06-07T05:48:36Z,proofofword,https://t.me/Proofofword,1,not_started,783c911
6of1ure22cAdZQAEjMNNgmkwJapJN2tLmgjjnTZ8pump,2026-05-15T19:57:35Z,drakesol_community,https://t.me/drakesol_community,1,not_started,783c911
6pm34MPWCfEQxRqHEFf25ez4iAegcRoKcXkoXaz1pump,2026-05-26T17:55:41Z,trollgirltg,https://t.me/TrollGirlTG,1,not_started,783c911
6st55pFEeT7YXrvZUowGKrzAS6ZFGeyKsxp4s1Utpump,2026-05-20T23:25:25Z,lyldotfun,https://t.me/lyldotfun,1,not_started,783c911
6trFMwA6RBxzouU9Ub6keRv961hFVAx2LpwzHrCRpump,2026-05-30T14:57:32Z,thuglife_sol,https://t.me/ThugLife_Sol,1,not_started,783c911
6yiSYkfyUMNuC4mtecNgQNH8RyV4diU1VULQ9goWpump,2026-05-16T15:23:35Z,quackohere,https://t.me/QUACKOHERE,1,not_started,783c911
74gf6R2mShysHKdpNogTVYC4jCfkQ87ZCkG4GZEEpump,2026-05-24T12:43:45Z,bugworld_sol,https://t.me/BUGWORLD_SOL,1,not_started,783c911
7ARNk6VsUYjorLx9TpCFKxX4UXKafjxoCuhDjBgFpump,2026-05-15T10:09:17Z,rockysolanaaa,https://t.me/ROCKYSOLANAAA,1,not_started,783c911
7AUvspX1v9d8iHsUco26pkTQjU4fpfCDDDFa13Ktpump,2026-06-08T22:04:16Z,yvo3dworld,https://t.me/yvo3dworld,1,not_started,783c911
7JNoj3dRSeYL4spshDTWzouN2VSph4qnhHusMgxtpump,2026-05-19T16:03:05Z,elon_memesol,https://t.me/ELON_memesol,1,not_started,783c911
7KJwJdrjCUFLU2pJPiA8d8m4SUK1XxgthvmwvhnKpump,2026-05-22T11:08:38Z,solz_app,https://t.me/solz_app,1,not_started,783c911
7gjC6JVvfbqiuFso6r2xDb4fEsSTtU3osWDr8jXZpump,2026-05-17T10:24:50Z,virkel_sol,https://t.me/VIRKEL_sol,1,not_started,783c911
7iCSaao2QHAoi56bf99Zwt6ZYy6GTb1KJY1e3yPRpump,2026-05-26T11:18:27Z,ichoosnietzscheaneverytime,https://t.me/Ichoosnietzscheaneverytime,1,not_started,783c911
7nnsG6GWiwFnpv4xzXZaEmJnFGgddFq1L4J1t7UJpump,2026-06-02T11:13:14Z,grumbydev,https://t.me/Grumbydev,1,not_started,783c911
7ooHue5nZZFpepoYdenmi1dEozGaD3Lh6A2xMR8Jpump,2026-05-19T14:02:54Z,gank_sol,https://t.me/GANK_sol,1,not_started,783c911
7qbQuTWoz4cerNmgwQLgyoX51AhZG3ZosBwsfB5epump,2026-05-12T04:02:50Z,bluud_sol,https://t.me/BLUUD_SOL,1,not_started,783c911
7skdRzYMnZ9KGg5QCh8J5QKoUNYKCLYQ15gaSLxBpump,2026-06-10T09:44:01Z,peachcoinsolana,https://t.me/peachcoinsolana,1,not_started,783c911
7zKmeEDS7xwTjBB3cYLb2Z9Nz8KjkGq3S1KNaJQrpump,2026-05-26T08:26:24Z,larpcoinsol,https://t.me/larpcoinsol,1,not_started,783c911
82ZmPRVn89XSmbK4dsqFwgTmr9xDBS7be7sjdBn6pump,2026-05-13T18:19:02Z,copiumcult,https://t.me/CopiumCult,1,not_started,783c911
855eNjUyUwyKiHWcJLN9EF3bVhrietqFip5paVQ8pump,2026-06-08T03:56:12Z,tavussol,https://t.me/tavussol,1,not_started,783c911
89BSehAkaAESxZNrMpNLbduDumr7TLYS9eVf2btupump,2026-05-18T01:03:27Z,wcstars_sol,https://t.me/wcstars_Sol,1,not_started,783c911
8BG2Rs1fsRMRVoHZeoz5Wn5hKAnLmiDsyuE47eVbpump,2026-06-07T00:58:22Z,omibocoin,https://t.me/OMIBOCOIN,1,not_started,783c911
8C2wF9dbok8Zt3hWux6VL37ZJducsdi7TK7R6rRNpump,2026-05-24T19:21:29Z,wealthcoin_sol,https://t.me/wealthcoin_sol,1,not_started,783c911
8Dj1BxAcfn3oe9JPXcPbFCjBn3zSTv1uVXLnHq46pump,2026-06-05T14:39:21Z,youmio_channel,https://t.me/youmio_channel,1,not_started,783c911
8Hf1E4bBo7c3kccbWVrpWuZnTJ64tm6nqETTd1RZpump,2026-05-17T15:47:38Z,fluffmeowfluff,https://t.me/fluffmeowfluff,1,not_started,783c911
8N3di7B4zvrdV6TiYHnD7AteTaWPkYGHc4ie8yQKpump,2026-05-22T02:19:37Z,uswcc_sol,https://t.me/uswcc_sol,1,not_started,783c911
8RV8oLUSvEpRani8Q4bwQRsM6VhMZK6KXVmnrC7wpump,2026-05-15T15:44:10Z,nullosolana,https://t.me/nullosolana,1,not_started,783c911
8aqh8vn3fkFmUBLN1G2v8x5Vw1wuCNobHFYYKzngpump,2026-05-30T11:51:12Z,clarvysol,https://t.me/ClarvySol,1,not_started,783c911
8dEb1zGR4mPFrePto1L4zTfReFuzeZ5AtApKrET2pump,2026-06-09T01:11:04Z,brokombat,https://t.me/BROKOMBAT,1,not_started,783c911
8exQqEzoVkppsxtbSznj4Y9sy1tMNqpRso4LLy3Wpump,2026-05-24T13:11:39Z,zupzapsol,https://t.me/ZUPZAPsol,1,not_started,783c911
8kHw8KXd32bMFZ2m5TQHo9eLtL8emkToxBTdWmqQpump,2026-05-30T15:45:09Z,gloobzsol,https://t.me/gloobzsol,1,not_started,783c911
8wMAG5aRJJTF1io2ac8o7y3gnNfDD8U5XRqpZ983pump,2026-05-20T12:35:35Z,cr7worldcupsol,https://t.me/cr7worldcupsol,1,not_started,783c911
91p9fStQaWwQEKEsSRGisYQvVQSLzKrhH6TWzRtmpump,2026-06-02T11:52:00Z,theshadcat,https://t.me/THESHADCAT,1,not_started,783c911
92eXvBFGBAXwgmPf6t6CUCNJH2xChsCJuWzaGPjyPUmP,2026-05-22T14:11:13Z,agentrankingtg,https://t.me/agentrankingtg,1,not_started,783c911
94CwFA1HtfWSXeEYnhogYhaqyfyWph4oWupVCQ6rpump,2026-05-20T04:10:53Z,kevinfedchair_chat,https://t.me/kevinfedchair_chat,1,not_started,783c911
97rHiqTy2NwSwKTd8CffhnyiGVHcN5dvhNEySTGtpump,2026-06-07T13:43:15Z,avaturn_channel,https://t.me/avaturn_channel,1,not_started,783c911
97tDNzwkdTSNKpm9sX9GokN52TLeFskyRjhPdf3Ppump,2026-05-27T16:00:11Z,nickjfuentes,https://t.me/nickjfuentes,1,not_started,783c911
9A2EXseRw9C6NJK554L4AZaR5JGqGgWcrT6LJnbkpump,2026-05-19T12:30:57Z,tolybuttsol,https://t.me/tolybuttsol,1,not_started,783c911
9BHNYzz9WvjCAcaWnaEjPezwmstGkgRs24qFZZ4Vpump,2026-05-14T17:18:32Z,ugt_chat,https://t.me/ugt_chat,1,not_started,783c911
9BhDBb6CjXow1GBptru8iu4KWCUUij2WGQeJd77wpump,2026-05-16T19:10:16Z,actb_soltg,https://t.me/actb_soltg,1,not_started,783c911
9D5twZZ4d48PBeo3FqUtg3PSj9saBKth9AKQTiRopump,2026-05-15T21:34:00Z,maolaosol,https://t.me/MAOLAOSOL,1,not_started,783c911
9EPUa1rkddTD82TZujEtZXB3VWM6Yu9kvph3bbZ8pump,2026-05-13T11:53:31Z,peng_soldev,https://t.me/peng_soldev,1,not_started,783c911
9HL7TcUucFtgqJySKEA7J65bNqdDKfY5jZkAhGRfpump,2026-06-10T13:39:54Z,dongcoinonsol,https://t.me/dongcoinonsol,1,not_started,783c911
9RMn4cm9Ju8QKUWRgNVRG2nK7pUxpyDVXzcvHFuSpump,2026-06-07T20:26:01Z,pumplandersol,https://t.me/pumplandersol,1,not_started,783c911
9VsMhN46CJdn8Zyo1BEVbMDvQopt8nCE7znAEwpUpump,2026-05-31T11:44:02Z,zippisol,https://t.me/ZIPPIsol,1,not_started,783c911
9bDcAth2sMg7xFmtNBR5qC3XaQFppY7Sw2rhmBv7pump,2026-05-27T00:24:17Z,chuubycat_group,https://t.me/chuubycat_group,1,not_started,783c911
9d8vFnjBtucU3h3K9o2DJtH1jWbPDFJo1DiaJwYipump,2026-05-29T07:34:37Z,dudda_sol,https://t.me/DUDDA_SOL,1,not_started,783c911
9hhHaeYSPvHwCoH3DZDiUXaP9AE9Z7MYgTGwpQF5pump,2026-06-05T18:15:57Z,hunteriusmaximus,https://t.me/hunteriusmaximus,1,not_started,783c911
9icbfPX5ASgwSAsUS1r28kB1Q2gWuSGTnYURPXKUpump,2026-05-19T07:51:15Z,wifdegencoin,https://t.me/WifDegenCoin,1,not_started,783c911
9mM1Mc4Ta9UJJ32v5qsHef91PiXi7EWyiSsqF5WXpump,2026-06-01T16:06:15Z,clashofperps,https://t.me/clashofperps,1,not_started,783c911
9ogL1LYBWHAwbNNS2AjqPDCzKDqZWpUf7A49ktPfpump,2026-05-28T10:32:10Z,shellcordterminal,https://t.me/ShellCordTerminal,1,not_started,783c911
A19P2NaBwJnVFcTyzCAz1v9UseuiVyEX8NQ22ja6pump,2026-05-23T07:33:35Z,rudrosol,https://t.me/RUDROSOL,1,not_started,783c911
A1r9j39p6Jcq5DRoKq3K5pBTHL8v3MpsCtRd5wATpump,2026-05-25T16:32:45Z,chimpysolana,https://t.me/CHIMPYSOLANA,1,not_started,783c911
A2r3E5hp5mNRztTPcGWvYr7Qw1qrTCan2kVM4fKCpump,2026-06-04T10:42:52Z,cringypumpfun,t.me/cringypumpfun,1,not_started,783c911
A6dg36fvocjpDBRaCfCmK4UEnQE2mhYQTqGuAe7qpump,2026-06-08T07:09:48Z,sleepybun_sol,https://t.me/SleepyBun_sol,1,not_started,783c911
A9owSHkR49eXmA6ww3XvRnFPJEUAPQrHg6ovVB9Xpump,2026-05-30T13:19:07Z,spcxelon_portal,https://t.me/spcxelon_portal,1,not_started,783c911
ACNSDVcc5PrZJYZxzR3omkmDvzWi6EswYgNmCNj7pump,2026-05-22T11:05:51Z,staycalmandhappy,https://t.me/staycalmandhappy,1,not_started,783c911
ACuZX4asxyqcRd6BTgGBKXJjViUP3kZQuDUQawBapump,2026-06-01T18:49:54Z,bunchofretards,https://t.me/BunchOfRetards,1,not_started,783c911
AJEbsxNMtAnLYg6qXCj8VASMGnwLWNtumHhLaxYFpump,2026-05-26T06:55:08Z,vixenrainbowcat,https://t.me/VixenRainbowCat,1,not_started,783c911
AJKdmFApahPQWuNHLe5xxebgYsT4QyAywNaC5geHpump,2026-05-19T06:22:00Z,kevinfedchair_sol,https://t.me/kevinfedchair_sol,1,not_started,783c911
ALcPPdT1MovRbcdL7H1rAL23Vd4G1hZ6KjoCsLfWpump,2026-05-23T06:18:04Z,donnatrumpette,https://t.me/donnatrumpette,1,not_started,783c911
AXSxoWx5uWamiGH9ycR97aapaHETWhpXXEwEWcfapump,2026-05-24T18:55:52Z,kibasolana,https://t.me/KIBASOLANA,1,not_started,783c911
AY3wseSBzs8EQNQwm9K51p2qPUqYuziy2zHcXL4opump,2026-06-08T09:27:11Z,monapumpfun,https://t.me/MONAPUMPFUN,1,not_started,783c911
AaQUnaDZ9eN7MveS9WPk57ErpXJSLTPe4qCNRcBqpump,2026-05-28T10:16:01Z,ifodev,https://t.me/IFODEV,1,not_started,783c911
AbgVyWe5kTdeBLPQvFxnxa9SaBsknwqw6n5oKSgqpump,2026-05-13T15:33:25Z,chrumpcoinsol,https://t.me/chrumpcoinsol,1,not_started,783c911
Ae2DNHjaTNHgfy2coivKaqGeqEN1LWgkDwRyikU5pump,2026-05-17T14:38:52Z,nyxbitonsol,https://t.me/NYXBITONSOL,1,not_started,783c911
AeRvzBemLhUZBUP28WFuXeWkPYjwVdua2Ed1j8Lnpump,2026-05-16T14:26:06Z,solcloud_sol,https://t.me/solCLOUD_sol,1,not_started,783c911
Ak4GqNooPBRqEg3jw5zsg9NVhfEWEVVRheY88onSpump,2026-06-07T00:23:07Z,bbudhaa,https://t.me/bbudhaa,1,not_started,783c911
Amv9XYhuoYWXPC1vFqy5wnBjEYzHVdYgVZQ8swhcpump,2026-06-05T18:45:11Z,hunterbidenbank,https://t.me/hunterbidenbank,1,not_started,783c911
B3b9UMpJVaFghyPyJkVCfdgqZv5V45rJbwyxkAmDpump,2026-05-15T16:07:02Z,lumy_sol,https://t.me/LUMY_SOL,1,not_started,783c911
BDZ99e9zWkWPMcKfqM5iJEqpHYRz8UyjTP28KeSwpump,2026-05-25T16:55:40Z,worldcupspeed,https://t.me/worldcupspeed,1,not_started,783c911
BDZQYBA7mhYpJzLUAfXPBpX3F2K6DLerm2FsjNigpump,2026-05-29T18:33:30Z,floonk_sol,https://t.me/floonk_sol,1,not_started,783c911
BNFnyNbkcLQvpEhngRSVyoag2jcVZeQ1kfYpa1L8pump,2026-05-31T15:49:59Z,smonk_sol,https://t.me/smonk_sol,1,not_started,783c911
BVrmoJMmPLmtkpAPMAWtNYYRrojjfDqfSYkAgZDppump,2026-05-24T07:56:33Z,gnomus_sol,https://t.me/GNOMUS_SOL,1,not_started,783c911
BXotQ7BLckqBRfChstF2MQKVg54FZcynkaaepNi2pump,2026-05-14T17:57:16Z,grumpypig,https://t.me/GrumpyPig,1,not_started,783c911
BZZTPBEb1M3QzDf5TdbHMgvJFEmDbAMrxEX8dyBzpump,2026-05-20T08:06:07Z,kurosolanaa,https://t.me/kurosolanaa,1,not_started,783c911
BagZEmqC8yVr6fURHyzihctYdqaH44TkXsMVK19ypump,2026-05-21T12:24:09Z,memeworldcupsol,https://t.me/memeworldcupsol,1,not_started,783c911
Bcohm4S6U6UNHtoW86DzPwaVwvRRWugkRxHsxTiWpump,2026-05-12T02:31:15Z,therulersol,https://t.me/therulersol,1,not_started,783c911
BexaXsU4Zg14Vvub5EVcXbco9cZZVWEJfhRRSr4Rpump,2026-05-14T13:33:15Z,modusolana,https://t.me/moduSOLANA,1,not_started,783c911
BiywH8Eq2CbGhwMHKwCnfTiccWJwN7r1Q4Qn9hsypump,2026-05-14T21:13:36Z,virlfun,https://t.me/virlfun,1,not_started,783c911
Bt4kqbDbbvc2EaJ5sfWmabEtEAVno953L5tQY7GUpump,2026-05-23T19:44:43Z,jimmemsol,https://t.me/JIMmemsol,1,not_started,783c911
Bu5ww7ghfLKSfnoB25BUm5uRi56XyqamndWs7hzfpump,2026-05-29T21:30:01Z,spyboxofficial,https://t.me/spyboxofficial,2,not_started,783c911
Bws22cU4sv6ocm1mjCSueNvqHnUrhgGQHxWadaxCpump,2026-05-16T13:46:58Z,btc6900sol_channel,https://t.me/btc6900sol_channel,1,not_started,783c911
C1rAh55ejiET9cT8mzRbzjo1Yd7HLsJzSZGfypezpump,2026-06-04T18:00:08Z,liminalspaces_sol,https://t.me/liminalspaces_sol,1,not_started,783c911
C8VpvoLzqe4EMGXs8rtPgYGLq9inLQbsk7QwrGCJpump,2026-05-23T18:17:59Z,dolmosol,https://t.me/DolmoSOL,1,not_started,783c911
CBX2xFt8bFcp3sQ6phDw4UJu23Cry1VQLfbMUcXwpump,2026-06-07T01:14:51Z,cmd404_sol,https://t.me/cmd404_sol,1,not_started,783c911
CCf2fyff5NzomoC5WVWyrAeFtcH3W4U4Dspt7qyNpump,2026-05-16T14:10:22Z,arcancat,https://t.me/arcancat,1,not_started,783c911
CDUfiG2F4Hv7DbeqeFc786641UrgqCsVradKKSo4pump,2026-05-17T07:20:02Z,croak_solan,https://t.me/Croak_SOLAN,1,not_started,783c911
CFj8o1y9636Q4RAZm86EkR54CMGPAFQa8KkDn4Fbpump,2026-05-25T17:18:47Z,syfrai,https://t.me/SYFRai,1,not_started,783c911
CJcXEbjvQGBg44gS3Bp5HcV9JhSVSLJo1ENzWddTpump,2026-06-08T08:46:48Z,sunnypumpfun,https://t.me/sunnypumpfun,1,not_started,783c911
CKAunZoRsPMhmyPWrVCjLRd1Dv5iGaS3DnbRo1Topump,2026-05-19T12:49:24Z,the_mumu_sol,https://t.me/THE_MUMU_SOL,1,not_started,783c911
CQLRgHND9E4K4ed8xPAmhyQY61EgLmsUqTN5MDFcpump,2026-05-16T05:03:14Z,drake_community,https://t.me/drake_community,2,not_started,783c911
CXRkx6pZGDR3XrJTbMZpKsv84EY13mbpcR4RRbJSpump,2026-05-19T07:47:18Z,petrosolana,https://t.me/PETROSOLANA,1,not_started,783c911
CdwVUxoJvNgeyS88nqDQxeYqzThN5RL5yqt5LeThpump,2026-05-24T06:06:11Z,nickiminajcgo,https://t.me/nickiminajcgo,1,not_started,783c911
CeTWbm3h8Jcxfazpkdrn861tqtQi3RTAVN2LBrmcpump,2026-05-16T14:55:01Z,soloman_sol,https://t.me/soloman_sol,1,not_started,783c911
CfgBHdArbKqGHSwbtcvMbvJjNhvyFYuiDLxiW5eDpump,2026-05-31T13:37:23Z,goblingate,https://t.me/goblingate,1,not_started,783c911
Cns7EuCZM3pMnkndXQXSyL7bkVvFtee9fpbURopapump,2026-06-05T16:20:05Z,savethelifepumpfun,t.me/SAVETHELIFEPUMPFUN,1,not_started,783c911
CotmxNNE85WeyFr5xvzJksEZhLctqhD9uzFFbkHCpump,2026-05-26T22:07:14Z,everyoneislying,https://t.me/EveryoneIsLying,1,not_started,783c911
CowyrEtbMX5oT211m3u9ayaBcTknsP2wh2zMWghbpump,2026-05-13T03:39:06Z,dadcoinportal,https://t.me/DadcoinPortal,1,not_started,783c911
CpPg5CXMaVtC3tKETru8sMCdFKsiavLozGRyhH3upump,2026-06-04T10:27:08Z,boocatdev,https://t.me/BOOCATDEV,1,not_started,783c911
Cpn5RvSKMduMTykDggqSAg7BhNDGr2QXsTCJGZXQpump,2026-06-03T20:00:52Z,pokeburn,https://t.me/pokeburn,1,not_started,783c911
CvPrreLgpZ9tjjoyk8qAwiAFvuEXooU7wL25hanApump,2026-06-09T10:14:05Z,matchdaycoin,t.me/matchdaycoin,1,not_started,783c911
CvU79eUBoECYLs3sCVxTr8wsMkVH532s9DMvfKn6pump,2026-05-15T18:17:52Z,axisolanadev,https://t.me/AXISOLANADEV,1,not_started,783c911
CwKfCWfLQAoVXrdZdY69aYDozdPABgzsXKno6ViFpump,2026-05-16T17:51:11Z,babywhalemem,https://t.me/BABYWHALEmem,1,not_started,783c911
CwazaN29yqrJqgPfimzMunvdvETYEKgVcgpkCv7jpump,2026-05-19T20:15:31Z,spacexdoge_sol,https://t.me/spacexdoge_sol,1,not_started,783c911
CxcjnqoWxtyx8sysj8qeQVoxDxhJXukLsYVGVQPLpump,2026-06-01T12:37:44Z,dotz_coin,https://t.me/dotz_coin,1,not_started,783c911
D2WtV5Jpb1yVcDfJLAhUaS5DLN1J3Rb3LDFYrRBrpump,2026-06-02T12:54:50Z,trendbot_channel,https://t.me/trendbot_channel,1,not_started,783c911
D9XZZwYdtatxZUaYBb2pnAjmR9UmjG84JRM5YGHLpump,2026-05-14T16:23:50Z,cnsolspl,https://t.me/CNSOLSPL,1,not_started,783c911
D9gKwxJF9kFxFUki8KK2WxjqdLFBnnuvvVvmueCUpump,2026-05-16T12:25:53Z,boposolana,https://t.me/bopoSOLANA,1,not_started,783c911
DFZraq4R29H2vDHketoC4n1TBiJyJGc75JP93QvSpump,2026-05-14T03:43:38Z,chelon_sol,https://t.me/chelon_sol,1,not_started,783c911
DRF8cCfkHLVPnC3H8TwWMGJ7Rv1jQZPjoYXRHeKypump,2026-06-07T09:48:41Z,devvinyl,https://t.me/DEVVINYL,1,not_started,783c911
DYAjKJski8wRqQ17X8BStBxFbLGkJ4Y6xB9eXbVkpump,2026-05-25T19:42:57Z,harambexsol,https://t.me/HarambeXSol,1,not_started,783c911
DZnNUj8TK715347dh6AQ9e3EcBB9VkWzcacYuTyBpump,2026-06-07T15:24:32Z,bountyunc.,https://t.me/BOUNTYUNC.,1,not_started,783c911
DaUcM4pyFYjCmynZg6uYdK8HPdVZcWwUq78Vttqkpump,2026-05-20T16:47:39Z,monkether,https://t.me/MONKETHER,1,not_started,783c911
Dnf4FKavAwLHMfqtQb7is7W7yKFz1nxnLfCaXTvCpump,2026-05-16T08:40:56Z,avatardung,https://t.me/AvatardUng,1,not_started,783c911
DqrJoVXsdAasNrtDTzm2sj2FkzQm9xFTW2NsvT4Upump,2026-06-08T20:33:41Z,primal_token,https://t.me/primal_token,3,not_started,783c911
DzNXtgo1bzvMSHH5snZCikxAMLAxAxN2jjDBmds2pump,2026-05-31T10:38:35Z,bozomeme,https://t.me/BOZOmeme,1,not_started,783c911
Dzfoj445LXVuEJvzUHhLrx1HoQdjUuHUGduGkFJXpump,2026-05-26T11:27:34Z,bunnytearssol,https://t.me/bunnytearssol,1,not_started,783c911
E2op5derXrBGvPHrh3wQNy2PK4gwpQqYNSNB2mDjpump,2026-06-03T10:37:19Z,grinbosol,https://t.me/grinbosol,1,not_started,783c911
E8YKKETyNhisfYVCFZQvno7wZcGwpHDH7sJAyqQHpump,2026-06-03T10:02:50Z,voidcrystalsol,https://t.me/voidcrystalsol,1,not_started,783c911
E9Dx85quAmLRMQebuCaYPz7nP8rNXfu17bBWL5mZpump,2026-05-23T17:42:06Z,bamzaisol,https://t.me/BAMZAIsol,1,not_started,783c911
E9djfWBShsWuGKuhqz9PYXMhJ39MUmztQmvzAwJ5pump,2026-05-13T06:54:55Z,kogu_solana,https://t.me/kogu_SOLANA,1,not_started,783c911
E9exegmUbEzzdLhSCxnxsqqhc1q8cbpMXMCifxsUpump,2026-05-25T14:40:06Z,usagirosol,https://t.me/USAGIROSOL,1,not_started,783c911
EBTNLX79fZM7tCqCppNJMGoesyCbRZjHxU2MmwTSpump,2026-05-24T05:36:24Z,nessisol,https://t.me/NESSISOL,1,not_started,783c911
EDtoyRqEKthug2zCWJiaponNZ3w5NDtP2pkKtcR7pump,2026-05-16T15:09:16Z,foger_sol,https://t.me/foger_Sol,1,not_started,783c911
EJu78KrhDyaLn3p8Y89dgVGDgLKxU4rzSE7fER5yNVDA,2026-06-10T16:14:38Z,nvda4200_sol,https://t.me/NVDA4200_SOL,1,not_started,783c911
EMDbhVQ1RwHKEiEHvVBJNQbZPDB7AePqG55MsMPzpump,2026-05-15T09:35:15Z,lomasolanaa,https://t.me/LOMASOLANAA,1,not_started,783c911
EVPLXmbYz6PQW4kht4NscqfXsBrCCLf388gRiknypump,2026-06-10T11:58:13Z,cloudypumpfun,https://t.me/cloudypumpfun,1,not_started,783c911
EXYq2jexyz9h1Zgm5xQCXtJvTZF9NCoagQ3iKsgNpump,2026-05-23T19:14:49Z,kurotasol,https://t.me/KUROTAsol,1,not_started,783c911
EZcFtc7521hsSqfHPsjWCdQdqZe8ZrrngLPfqMupump,2026-05-14T18:48:35Z,theworldwhalecup,https://t.me/TheWorldWhaleCup,1,not_started,783c911
EbfqgQXNBKcBgRtfqhuGiGXKMbjX7ssvUxaJhh7Mpump,2026-06-08T11:55:49Z,pollypumpfun,https://t.me/POLLYPUMPFUN,1,not_started,783c911
EezJFMMFJoTSKNd6SgyQYEU9Ma7cXupTeGsgHdYApump,2026-06-03T15:46:34Z,goldengoalsol,https://t.me/goldengoalsol,2,not_started,783c911
EfxE1WTmcjCzJqXsq9HjYLH51tqKJWEVQocZoNxkpump,2026-05-22T09:49:16Z,worldbuttcupsol,https://t.me/worldbuttcupsol,1,not_started,783c911
EjTyVUwBLHrjC4muB5bsNPNWo3KybdVw3wLc91Kwpump,2026-06-03T12:04:06Z,m1solana,https://t.me/M1SOLANA,1,not_started,783c911
Emf9qGSbbHn8pkWPrm8QQkbPi9CjDifUA39EeDvXpump,2026-05-13T18:15:59Z,nubbix,https://t.me/NUBBIX,1,not_started,783c911
Etz7mLDFzuDmi2np4Tgu2idL5h3YgknfCNwAnCRmpump,2026-05-27T14:13:48Z,dysonsol,https://t.me/dysonsol,1,not_started,783c911
EztJNQ9xmi5Y4MUPwT7FxTQMEtSmNc5P2ixDqrf9pump,2026-05-31T23:42:16Z,gaycupcoin,https://t.me/GayCupCoin,1,not_started,783c911
F2bZzqv7MPs2vTnA77fEC6C8Rwz4AiZu9zNViPE2pump,2026-05-13T10:04:54Z,thedrunkbullsol,https://t.me/TheDrunkBullSol,1,not_started,783c911
F5RU4VNSRDj8sP9yVB518a7PhM9NyUWBQemCLqk4pump,2026-06-04T12:32:09Z,neowgang,https://t.me/NEOWgang,1,not_started,783c911
F9fAvYaLqyicibAynqZp2ZtaMs5BUecQexMw1rgupump,2026-06-06T05:06:22Z,hunteriusbidenus,https://t.me/hunteriusbidenus,1,not_started,783c911
FAyiooJtJs8Sa3MvnGURJS9rp69YL5Wf4RuhgrBkpump,2026-06-08T12:29:35Z,z3daiworld,https://t.me/z3daiworld,1,not_started,783c911
FB4WMLuN9fWiLwc5cN1ZvshizgPjjJYa5i7YU4KCpump,2026-06-06T22:00:02Z,venomexe,https://t.me/VENOMEXE,1,not_started,783c911
FHC3YzCfi1DUp4dBNfbjv6W8qhYdkTLHXZ5L44Jpump,2026-05-17T09:20:40Z,robli_sol,https://t.me/robli_SOL,1,not_started,783c911
FHW6iKxokVQXyd7jHmVuwp4EYngarq4jz5JqfTQspump,2026-06-02T11:50:16Z,pito_sol,https://t.me/PITO_SOL,1,not_started,783c911
FSJjkoszKtrfacrv13oG8Mo5xVzWf2TewFUfqMpGpump,2026-05-12T07:21:18Z,usdredcrew,https://t.me/USDREDCREW,1,not_started,783c911
FTHpjAUWojD1i4bu1JSr8mGVZQH6nDw3pfhjcqdMpump,2026-05-14T18:37:54Z,solanacupcoin,https://t.me/SolanaCupCoin,1,not_started,783c911
FXKeoTzEPDhozGUsGUW1rAYEeLLLYCnzhqxZDa2Tpump,2026-06-09T00:59:00Z,noisdev,https://t.me/NOISDEV,1,not_started,783c911
FaDjiiUSuEhEGBYv7sttYTTqnhoVLQ1VZVvdtzRHpump,2026-05-14T13:25:36Z,chinafartdust,https://t.me/ChinaFartDust,1,not_started,783c911
FeMrhDeddUvuzo25RZriZD6Te8xy3tdyKLLXBhEEpump,2026-05-29T10:07:33Z,dogeusmaximuspl,https://t.me/DOGEUSMAXIMUSPL,1,not_started,783c911
FeW492davYyi568S9yxSVjHyqFs2tCEJyEQn7FeFpump,2026-05-25T15:52:36Z,wastedworldcup,https://t.me/WASTEDWORLDCUP,1,not_started,783c911
FhxuJ4YvcfyEBMswyDKquvS1QVDpkPj3VmRJzViKpump,2026-05-12T16:11:48Z,yenjicoin,https://t.me/yenjicoin,1,not_started,783c911
FjPz2G6tpe8bUNKc74tTvLdYd91GD97pxsCYEjPdpump,2026-05-16T18:07:48Z,babychud_sol,https://t.me/BabyChud_sol,1,not_started,783c911
FjforqRQg4SY3rUh9fwYGiNmttn6reJ5eAhFbsafpump,2026-05-17T09:46:32Z,wooley_sol,https://t.me/WOOLEY_SOL,1,not_started,783c911
FnvzjE5EgapJcdWg5Cpk2SWQzsTLzAS8tiCHNfdFpump,2026-05-31T05:27:52Z,baks_sol,https://t.me/Baks_sol,1,not_started,783c911
Fo1vtb8ZVEesV3tJ3Aeukjfy4sgB9n7YQsg2xnBUpump,2026-05-22T19:51:57Z,noneonsolana,https://t.me/NONEonsolana,1,not_started,783c911
FpqZVLmf7REoPGgs16MNattnyUJLGMKM1B64sUAgpump,2026-05-19T17:47:12Z,whalecupspl,https://t.me/whalecupspl,1,not_started,783c911
FpwYXk7kBiSyiYBeLEAiXE3c9F32iTzQz6NCFhtjpump,2026-06-03T06:43:05Z,trolleuscoin,https://t.me/trolleuscoin,1,not_started,783c911
G7UqQCmgS7FRsTmirLVuUA1q8sfBhnGBuN2ps3ufpump,2026-05-14T19:52:10Z,trollismonsol,https://t.me/TrollismOnSol,1,not_started,783c911
GA5dbWfEd4QpFfpDAhuyhatCavGqq4m8MoaCskxhpump,2026-06-05T13:50:24Z,wannyspl,https://t.me/wannyspl,1,not_started,783c911
GCp3CN4KCppR72qWvPiva5P2BnJBrn39DHPcQTYfpump,2026-05-19T15:09:29Z,pnutcoin_sol,https://t.me/PnutCoin_Sol,1,not_started,783c911
GKnKFDq4Cx89KjepzUE7QxJU6okjkRazVfQwfxs2pump,2026-06-05T12:55:31Z,morisolana,https://t.me/MORIsolana,1,not_started,783c911
GUvvVMrH9Vh8SKGDWnz4yjmFcFux2yPxvG116v2Qpump,2026-05-11T08:42:35Z,kandlosol,https://t.me/KandloSOL,1,not_started,783c911
GYhpKAhRGi9wX5gBdEwaip4BcfSKNdU7Tqp3CaBjpump,2026-05-14T14:28:59Z,tygercoinsol,https://t.me/tygercoinsol,1,not_started,783c911
GaiDXC88iuugb7TiDdP9hZwN2Qp8xnoq46gagQ8Npump,2026-06-09T08:04:19Z,josamafriendsol,https://t.me/josamafriendsol,1,not_started,783c911
Gfyf5KN9c7Sn3amTFvLJLXKzXT2NgHmf7eRW3vZ1pump,2026-05-16T18:43:21Z,truncsol,https://t.me/truncsol,1,not_started,783c911
GkEnykrJXaEUZy992srjrjRVLbYjY9e3uP3vJAydpump,2026-05-20T09:09:06Z,mizusolanaa,https://t.me/MIZUSOLANAA,1,not_started,783c911
GnRUCdsL8chtkbgtPSju1v6fapbor6QryzZ62rBipump,2026-06-04T15:35:57Z,zixinosignal,https://t.me/ZixiNoSignal,1,not_started,783c911
GyZjddMX3Ru3ZfXSTf7E4Jf51qhPzYSUFUpE1Bezpump,2026-05-15T16:15:55Z,the_spike_sol,https://t.me/THE_SPIKE_SOL,1,not_started,783c911
H217hGvQreFqjuaL8EBf1LUwC8asAyvxTn96vM14pump,2026-05-24T14:46:23Z,ermo_sol,https://t.me/ERMO_SOL,1,not_started,783c911
H58iGucz1atKdKNLs1vnsNmLcPDQa9acMgQsaceLpump,2026-05-10T04:44:14Z,piko_solana,https://t.me/PIKO_SOLANA,1,not_started,783c911
H5G84AxUv57uFqKEMHVr39CZV2GdhHS8BgJARUn7pump,2026-06-07T15:22:36Z,ravatar_channel,https://t.me/ravatar_channel,1,not_started,783c911
H7Lqge81aWxxgL9SZXGasj4P4wTW2amivr8U6uHapump,2026-05-17T17:45:48Z,stickospl,https://t.me/StickoSPL,1,not_started,783c911
HLrmwfYoru7hKEudzjce5hjxYJLwjGUha9ptUQfVpump,2026-06-03T22:38:52Z,beachbaddies,https://t.me/BeachBaddies,1,not_started,783c911
HNGbVJjridwgmM4ivWjjHirWfiDtrTP5zcwS3uxTpump,2026-06-05T12:40:25Z,bibopcoin,https://t.me/BIBOPCOIN,1,not_started,783c911
HQ2pB7CyDZoCTUhXHpWFG8qvcC4sSsyBYMAjDT66pump,2026-05-19T15:29:16Z,rattlo,https://t.me/RATTLO,1,not_started,783c911
HSKhxnPq4d14P9obNeYauDp7hn11dDjzfhvUBbuLpump,2026-06-05T16:00:47Z,cciportal,https://t.me/CCIportal,1,not_started,783c911
HXbGaopsPJX8jgP12ZcTk38ujNf2GP4rMiFjALPBpump,2026-06-08T16:57:28Z,worldcup48teams,https://t.me/worldcup48teams,1,not_started,783c911
HbDRvWCPjvxfZJ5BoyQoE5r2nUBrhbnZ3Qqrj8impump,2026-06-06T08:58:27Z,certbag_sol,https://t.me/certbag_sol,1,not_started,783c911
HmKaxgNsnoHgZuTBnLwASPsyzf34pEjfjGamybAspump,2026-06-09T21:35:10Z,aurafarmingdev,https://t.me/aurafarmingdev,1,not_started,783c911
HrFXk7njd9oskCXonJ72mA2nxpWbyXZA8tPSmMENpump,2026-05-17T21:57:53Z,pumperssquad,https://t.me/pumperssquad,2,not_started,783c911
HtBcJLkHiF6xZoxRve5CHThAk6Pr62Zq9YmwXgRXpump,2026-06-09T04:38:49Z,banjo_sol,https://t.me/Banjo_SOL,1,not_started,783c911
Hx6iXtyWXexeiCQmWNdKjppCpN88BiDEHKD8n2Dzpump,2026-05-14T18:19:47Z,chinapplesol,https://t.me/CHINAPPLESOL,1,not_started,783c911
HzCxUhYHmtrpfR9B4dcMNdojTvhKNBueY4SG1cd6pump,2026-05-11T09:44:38Z,macosolana,https://t.me/MACOSOLANA,1,not_started,783c911
J1dhFo6jJ5APNuaZvzs14ixRKwU3LWU4Yf226PCSpump,2026-05-16T14:53:58Z,bitcoin6900_sol,https://t.me/bitcoin6900_sol,1,not_started,783c911
J2bx2NiDzxFgKFqHgf7rgoksSGZ6V2RaJrQoeNfMpump,2026-05-17T20:03:02Z,spacexdoge_community,https://t.me/spacexdoge_community,1,not_started,783c911
J3adA2GDRecL5w5C1GdrgWPVhE4mvGJgjsFbKEF8pump,2026-05-29T10:57:47Z,justbuy67worth,https://t.me/JustBuy67Worth,1,not_started,783c911
J7hNrYVmM7SBK1DdMR5mtyb3JUADW372PH1vjQhBpump,2026-05-22T17:58:04Z,bankcupcoin,https://t.me/BANKCUPcoin,1,not_started,783c911
JCaQwEx5oq98xNgKSYWNjdnbosRFz7JQdLc4v7TQpump,2026-06-09T14:25:58Z,cojotonsol,https://t.me/cojotonsol,1,not_started,783c911
KE67ptZmVXwwNkiinQc7GBY9bLTg3bAwd52Wubcpump,2026-06-10T16:15:35Z,poopcoin_community,https://t.me/poopcoin_community,1,not_started,783c911
KvCi2FN3dFcUknwiXdtuP7XwLYQdJgNUkurt7pGpump,2026-05-19T14:29:06Z,debyonsol,https://t.me/debyonsol,1,not_started,783c911
LASTmWddRBj3N9fWB3ozdVDi7p1cK2P95ripHHcdDSc,2026-05-18T11:55:40Z,reversalonsol,https://t.me/reversalonsol,1,not_started,783c911
UWUy7J86LUiBv5SjAUZ53LMGhtnqvbQ7QNSSkyupump,2026-05-22T18:15:39Z,unicornitsinthename,https://t.me/UnicornItsInTheName,1,not_started,783c911
Wy6xag9Lf88Egeo6ca6SpGUGHR5r7rKKbF3CMi8pump,2026-05-16T04:51:03Z,drake_community,https://t.me/drake_community,2,not_started,783c911
XUuqffce1wPzFkixHN6P5zAVhaLoKCQkrqgqvEGpump,2026-06-10T10:44:17Z,ihatecryptomeme,https://t.me/ihatecryptomeme,1,not_started,783c911
cPNpTegVuoSC1nMds8wBmPcJVtijG2s3fsnyhqMpump,2026-05-26T23:07:55Z,thomasdank,https://t.me/thomasdank,1,not_started,783c911
efkWQ8Mu1L4WcA3DjNrbFbE2H1iDQ59QM2QB3Ycpump,2026-05-21T09:56:07Z,apus_sol,https://t.me/APUS_SOL,1,not_started,783c911
hGvUY77WCT1xRowB1cRbYFfaJAoBsuaWr8xseYbpump,2026-05-14T18:15:30Z,supermaxsol,https://t.me/supermaxsol,1,not_started,783c911
hf34pZHnV4entu9bdp4pFEmeKpivEUeSUhASgWopump,2026-06-08T16:58:46Z,mumuthebullportal,https://t.me/MumuTheBullPortal,1,not_started,783c911
kDEbwoS9Hzn8Wj2jyJ2PSLidbVDBQRGwgQG8Cfopump,2026-06-09T16:51:36Z,ballr_fi,https://t.me/ballr_fi,1,not_started,783c911
oWH3v1fqE7A8w3GaHtdnGdb5XNYF76D8TMLUV9mpump,2026-05-28T04:00:43Z,pokelaunch,https://t.me/PokeLaunch,1,not_started,783c911
yDfnbotaBrkNxwYYhtg6idpQBb1G5roh6iSMRKcpump,2026-06-01T08:59:02Z,icepin_sol,https://t.me/Icepin_SOL,1,not_started,783c911
