claim_id,hypothesis,evidence_layer,status,claim_allowed,claim_not_allowed
H1-market,H1 migration friction,market-level deterministic ladder,computed,"Naive before-after evidence is positive, but trustworthy market-level inference is uncertain after controls, pretrend screening, and few-cluster inference.",Do not claim a clean causal welfare gain from aggregate volume alone.
H1-token-proxy,H1 post-graduation persistence,HF Pump.fun token risk/market snapshot,computed_proxy,Token-level persistence is summarized by active-market proxy: 5.7% active in latest-per-mint snapshot sample.,Do not label this as a 1/7/30d event-time causal estimate or infer post-migration survival timing from one snapshot.
H1-rpc-mechanism,H1 migration friction,Helius/Solana RPC post-migration pool windows,pass_mechanism_level_not_welfare_causal,PumpSwap is supported as an operational post-migration liquidity venue: full-sample observed 30d activity lower bound is 99.09% and complete-window active share is 100.00%.,"Do not claim decoded USD volume, active-trader, price-quality, welfare, or H4 early-allocation causal effects from RPC signature proxies."
H1-moralis-decoded-sample,H1 post-graduation persistence,Moralis decoded Solana Token Swaps sample,credible_moralis_decoded_sample,"Moralis decoded sample measures 57,743 unique swap rows and 294 covered 30d token windows with positive decoded swaps.","Do not generalize the Moralis sample to all graduated tokens, H4 sniper causality, price quality, or welfare without full-cohort decoded outcomes and the merged causal design."
H4-holder-risk,H4 allocation fairness,HF holder concentration and risk snapshot,computed_proxy,High-concentration tokens have 52.4 pp higher source-coded high/critical risk in the latest-per-mint snapshot sample.,Do not claim independent causal risk effects or slot-level sniper causality without auditing label construction and adding the registered Dune/indexer validation export.
H1-H4-event-time-validation,H1/H4 mechanism timing,rendered Dune full-indexer SQL plus optional Pump.fun/Solana RPC sample,computed_external_validation_sample_if_present,"Rendered full-token Dune SQL defines the decoded indexer layer; when present, Solana RPC artifacts provide real pool-transaction and early-fee-payer proxy validation.",Do not treat RPC pool-transaction proxies as decoded Dune USD swap volume or as direct proof of sniper causality.
H1-benchmark-release-shilin,H1 migration friction,Shilin three-sheet benchmark release,release_candidate,"The Shilin package exposes events, metrics, covariates, claim boundaries, and data gaps as reusable benchmark artifacts.","Do not treat registered gaps, cross-chain candidates, or mirror candidates as completed causal findings."
mirror-case-telegram,H1/off-chain heterogeneity,"RED-PUMP social metadata, matched design, timing gate, and sensitivity check",credible_matched_design_not_causal,"Telegram/social metadata is a credible matched mirror-case signal after launch-day, social, market-cap, and description-bin adjustment; event-time diagnostics make the causal boundary stricter.",Do not claim a causal Telegram effect without an exogenous attention shock or stronger event-time design.
cross-chain-shilin,H4/cross-chain external validity,Base Clanker v4.1 on-chain event plus BNB/TRON candidate registry,accepted_full_window_matched_onchain_sample,"Clanker/Base is accepted as an on-chain cross-chain validation case with 12 bounded matched cohort tokens, 1/7/30 day token-horizon rows, and holder concentration for 12 tokens where logs are available.","Do not claim platform-wide causal replication, welfare improvement, or general trader-protection effects from the bounded early-adoption sample."
